_id,EKITALDIA/EJERCICIO,HILABETE/MES,ZENBAKIA/CODIGO,LERROA/LINEA,CREDITRANS/CREDITRANS,CREDITRANS F20/CREDITRANS F20,CREDITRANS F50/CREDITRANS F50,GIZATRANS/GIZATRANS,GIZATRANS 20/GIZATRANS 20,GIZATRANS 50/GIZATRANS 50,BBCARD 24/BBCARD 24,BBCARD 48/BBCARD 48,BBCARD 72/BBCARD 72,GAZTE 70/GAZTE 70,GAZTE 70 F20/GAZTE 70 F20,GAZTE 70 F50/GAZTE 70 F50,GORO/GORO,GORO F20/GORO F20,GORO F50/GORO F50,B 50/B 50,B50 F20/B50 F20,B50 F50/B50 F50,B70/B70,B70 F20/B70 F20,B70 F50/B70 F50,BORO/BORO,BORO F20/BORO F20,BORO F50/BORO F50,BAT/BAT,BAT F20/BAT F20,BAT F50/BAT F50,BAT BEREZI/BAT BEREZI,BAT BEREZI F20/BAT BEREZI F20,BAT BEREZI F50/BAT BEREZI F50,OHIKOA/OCASIONAL,FAMILIA UGARIA/FAMILIA NUMEROSA,6 URTETIK BEHERAKOAK/MENORES DE 6 ANOS,ITSU-MUP-EN GIDARI-LAGUN/ACOMPANANTE INVIDENTE-PMRS,ITSU-MUPEN DOAKO GIDARILAGUN/ACOMPANANTE GRATIS INVIDENTE-PMRS,METROA/METRO,T.M MATXURA/PUP AVERIADO,ENPRESA/EMPRESA,GUZTIRA/TOTAL
1,2024,7,A2610,GALDAKAO - UPV/EHU,853,15,0,66,0,0,0,0,0,81,13,0,29,3,0,52,5,0,26,0,0,36,0,0,1,0,0,0,0,0,20,0,12,0,0,0,0,5,1217
2,2024,7,A2611,UGAO MIRABALLES - BASAURI - ETXEBARRI - UPV/EHU,0,0,0,0,0,0,0,0,0,0,0,0,0,0,0,0,0,0,0,0,0,0,0,0,0,0,0,0,0,0,0,0,0,0,0,0,0,0,0
3,2024,7,A3613,BILBAO - UGAO MIRABALLES - OROZKO,19470,407,46,8382,18,0,0,0,4,347,11,1,517,82,1,448,10,0,190,14,3,1079,26,3,18,0,2,2,0,0,1431,2,898,34,0,0,0,379,33825
4,2024,7,A3622,BILBAO - BASAURI - Artunduaga - San Miguel -ZARATAMO,6925,151,71,2159,14,0,0,0,0,211,13,6,272,6,63,373,3,0,107,0,6,787,5,2,1,0,0,0,0,0,399,0,322,3,0,0,0,154,12053
5,2024,7,A3631,BILBAO - GALDAKAO - LARRABETZU,16872,311,123,4773,5,0,0,0,0,378,42,1,815,78,0,748,35,0,330,23,0,947,1,1,6,0,0,0,0,0,864,0,549,24,0,0,0,314,27240
6,2024,7,A3632,BILBAO - ETXEBARRI - BASAURI - San Miguel (BegoÃ±a),3554,79,16,1466,11,0,0,0,0,137,1,3,233,12,2,224,8,0,44,4,0,639,6,2,7,0,0,0,0,0,143,0,172,6,0,0,0,105,6874
7,2024,7,A3641,Nerbioi Garaia/Alto Nervion - ARRIGORRIAGA - Hospital Galdakao Ospitalea,27443,548,139,11583,38,8,0,3,0,503,18,26,907,70,6,770,23,3,288,4,11,1604,18,4,61,0,0,5,0,0,1454,0,875,45,0,0,0,240,46697
8,2024,7,A3642,BASAURI - Hospital Galdakao Ospitalea (Bengoetxe),10218,301,37,4655,3,5,0,0,0,250,21,12,273,3,3,435,5,3,129,3,2,689,9,1,1,0,0,4,0,0,371,0,334,16,0,0,0,168,17951
9,2024,7,A3911,BILBAO - Hospital Galdakao Ospitalea - LEMOA - DURANGO - ELORRIO,35689,1223,369,8766,34,3,0,0,0,809,107,6,1093,71,43,749,8,2,256,61,0,1256,16,10,21,0,0,2,0,0,1749,0,755,36,0,0,0,355,53489
10,2024,7,A3912,BILBAO - Hospital Galdakao Ospitalea - LEMOA - DURANGO - ERMUA - EIBAR,35210,972,333,8635,37,2,0,0,0,625,67,7,919,52,1,1028,28,0,367,10,0,1257,14,6,21,0,0,2,0,0,2043,1,622,18,0,0,0,345,52622
11,2024,7,A3913,Arrazola - DURANGO,7620,311,56,2450,1,0,0,0,0,193,1,0,179,4,43,92,1,1,14,2,0,33,0,0,0,0,0,0,0,0,390,0,245,2,0,0,0,38,11676
12,2024,7,A3917,BILBAO - Hospital Galdakao Ospitalea - LEMOA - ZEANURI,25591,684,112,4719,16,0,0,0,0,634,55,6,1434,123,5,771,37,1,230,1,0,1429,55,0,21,2,0,0,0,0,1300,0,721,3,0,0,0,283,38233
13,2024,7,A3923,BILBAO - DURANGO - ELORRIO (Autopista),36485,1342,547,6046,33,1,0,0,0,915,84,2,621,34,54,874,36,14,247,3,0,615,43,1,14,0,0,0,0,0,1681,5,608,22,0,0,0,102,50429
14,2024,7,A3924,ERMUA - DURANGO - UPV/EHU,0,0,0,0,0,0,0,0,0,0,0,0,0,0,0,0,0,0,0,0,0,0,0,0,0,0,0,0,0,0,0,0,0,0,0,0,0,0,0
15,2024,7,A3925,BILBAO - LEMOA - OTXANDIO - UBIDE,17365,387,60,4019,4,4,2,0,2,350,24,4,690,15,4,606,3,1,178,2,0,858,6,0,54,4,0,6,0,0,753,2,523,3,0,0,0,264,26193
16,2024,7,A3926,BILBAO - ERMUA - EIBAR (Autopista),25012,477,118,2469,2,5,0,0,0,404,3,27,144,0,0,1004,5,0,182,0,0,474,3,0,6,1,0,0,0,0,2051,60,528,11,0,0,0,58,33044
17,2024,7,A3927,BILBAO - LEMOA - ZEANURI (Autopista),11848,406,150,1776,18,0,0,0,0,274,1,0,665,32,0,295,2,22,208,25,0,572,6,0,14,0,0,0,0,0,582,0,454,4,0,0,0,64,17418
18,2024,7,A3928,ARTEA - ZEBERIO - UGAO MIRABALLES,1230,18,0,777,0,0,0,0,0,17,0,0,30,0,0,21,1,0,2,0,0,91,0,0,0,0,0,0,0,0,116,0,17,0,0,0,0,5,2325
19,2024,7,A3930,BILBAO - GALDAKAO (Autopista),14857,268,51,3045,0,0,0,0,0,787,58,12,648,13,2,1013,8,0,475,11,0,1223,13,2,2,3,0,0,0,0,359,0,208,19,0,0,0,165,23242
20,2024,7,A3931,GARAI - DURANGO,0,0,0,0,0,0,0,0,0,0,0,0,0,0,0,0,0,0,0,0,0,0,0,0,0,0,0,0,0,0,59,0,0,0,0,0,0,0,59
21,2024,7,A3932,GALDAKAO - Metro Bolueta,29025,685,94,10022,74,21,0,0,0,2,0,0,8,0,0,26,2,0,14,0,0,26,1,0,6,0,0,0,0,0,434,1,989,61,0,0,1,269,41761
22,2024,7,A3933,BILBAO - DURANGO (Autopista),23851,968,288,3495,39,1,0,1,0,851,58,3,520,21,16,1445,105,7,232,0,0,625,16,0,25,0,0,0,0,0,798,0,447,20,0,0,0,64,33896
23,2024,7,A3512,BILBAO - LEKEITIO (Autopista),36708,1501,138,6827,18,0,0,0,0,392,11,0,101,1,0,488,65,5,263,11,0,383,0,0,0,0,0,0,0,0,2411,0,549,12,0,0,0,186,50070
24,2024,7,A3513,BILBAO - Hospital Galdakao Ospitalea - GERNIKA LUMO - EA - LEKEITIO,15405,616,45,4145,10,10,0,0,0,186,7,0,157,9,0,176,1,0,31,0,0,231,0,0,0,0,0,0,0,0,1234,2,202,14,0,0,0,110,22591
25,2024,7,A3514,BILBAO - AMOREBIETA ETXANO - GERNIKA LUMO,33603,991,75,5861,18,1,0,0,0,748,72,2,1316,99,8,1163,35,0,372,2,0,1378,1,2,0,0,0,0,0,0,1310,0,385,11,0,0,0,163,47616
26,2024,7,A3515,BILBAO - AMOREBIETA ETXANO - GERNIKA LUMO - BERMEO,62053,1972,190,14090,70,0,0,0,0,1340,217,12,2086,58,0,1418,80,0,346,3,2,1878,21,5,0,0,0,0,0,0,3106,7,1719,22,0,0,0,346,91041
27,2024,7,A3523,BILBAO - Hospital Galdakao Ospitalea - GERNIKA LUMO - AULESTI - LEKEITIO,10494,404,26,3276,28,0,0,0,0,135,3,0,138,15,0,225,5,0,22,11,0,197,0,0,0,0,0,0,0,0,954,6,187,7,0,0,0,48,16181
28,2024,7,A3525,GERNIKA LUMO - AMOREBIETA ETXANO  - UPV/EHU,10,0,0,0,0,0,0,0,0,0,0,0,0,0,0,0,0,0,0,0,0,0,0,0,0,0,0,0,0,0,0,0,0,0,0,0,0,0,10
29,2024,7,A3526,MUNGIA - GERNIKA LUMO - IBARRANGELU,26161,1461,82,4472,7,6,2,0,0,41,1,0,267,0,0,41,0,0,0,0,0,97,0,0,0,0,0,0,0,0,1568,9,565,11,0,0,0,133,34924
30,2024,7,A3532,GERNIKA LUMO - NABARNIZ,45,0,0,11,0,0,0,0,0,0,0,0,0,0,0,0,0,0,0,0,0,0,0,0,0,0,0,0,0,0,1,0,0,0,0,0,0,0,57
31,2024,7,A3533,GERNIKA LUMO - MENDATA,33,1,0,0,0,0,0,0,0,0,0,0,0,0,0,0,0,0,0,0,0,0,0,0,0,0,0,0,0,0,0,0,0,0,0,0,0,0,34
32,2024,7,A3534,GERNIKA LUMO - ERRIGOITI,22,1,0,3,0,0,0,0,0,0,0,0,0,0,0,0,0,0,0,0,0,0,0,0,0,0,0,0,0,0,2,0,0,0,0,0,0,0,28
33,2024,7,A3535,LEKEITIO - AMOROTO,94,0,0,43,0,0,0,0,0,0,0,0,0,0,0,0,0,0,0,0,0,0,0,0,0,0,0,0,0,0,7,0,0,0,0,0,0,0,144
34,2024,7,A3536,LEKEITIO - MENDEXA,331,5,0,52,0,0,0,0,0,0,0,0,0,0,0,0,0,0,0,0,0,0,0,0,0,0,0,0,0,0,32,0,0,0,0,0,0,0,420
35,2024,7,A3538,LEKEITIO-Barainka,8,0,0,15,0,0,0,0,0,0,0,0,0,0,0,0,0,0,0,0,0,0,0,0,0,0,0,0,0,0,2,0,0,0,0,0,0,0,25
36,2024,7,A3915,BILBAO - DURANGO - ONDARROA (Autopista),37426,1210,390,11393,18,0,0,0,0,0,0,0,0,0,0,0,0,0,0,0,0,0,0,0,0,0,0,0,0,0,3150,14,908,37,0,0,0,189,54735
37,2024,7,A3916,BILBAO - ERMUA - ONDARROA (Autopista),27535,746,121,5238,11,6,1,0,1,649,35,2,585,7,3,526,22,23,195,33,0,441,1,0,0,0,0,0,0,0,2192,10,663,15,0,0,0,104,39165
38,2024,7,A3922,MUNITIBAR ARBATZEGI GERRIKAITZ - ZIORTZA BOLIBAR - MARKINA XEMEIN - ETXEBARRIA,288,0,0,96,0,0,0,1,0,428,17,45,301,1,0,694,62,3,92,12,0,332,1,0,0,0,0,0,0,0,19,0,0,0,0,0,0,0,2392
39,2024,7,A2312,Zabalburu - UPV/EHU  (Juan de Garay),1052,38,3,6,0,0,0,0,0,54,0,0,9,0,0,95,0,5,5,0,0,9,0,0,0,0,0,0,0,0,50,0,3,0,0,0,0,1,1330
40,2024,7,A2314,BILBAO - Erandiogoikoa - UPV/EHU,7545,196,15,320,2,0,0,0,0,477,0,2,178,9,2,502,2,1,99,0,0,226,1,1,8,0,0,0,0,0,221,0,39,0,0,0,0,49,9895
41,2024,7,A2318,Termibus - UPV/EHU (Autopista),9877,313,20,111,4,0,0,0,0,330,16,0,175,6,0,455,48,0,245,1,0,185,0,2,72,0,2,0,0,0,456,0,24,1,0,0,0,53,12396
42,2024,7,A2321,Santutxu - UPV/EHU (Autopista),832,25,0,6,0,0,0,0,0,41,3,0,17,1,0,53,1,0,26,0,0,16,0,0,1,0,0,0,0,0,47,0,1,0,0,0,0,7,1077
43,2024,7,A2324,BILBAO - UPV/EHU (Enekuri),0,0,0,0,0,0,0,0,0,0,0,0,0,0,0,0,0,0,0,0,0,0,0,0,0,0,0,0,0,0,0,0,0,0,0,0,0,0,0
44,2024,7,A3115,BILBAO - SANTURTZI,32284,593,106,10522,49,2,0,2,0,560,30,4,1363,108,6,1350,60,0,612,18,2,2845,149,12,7,1,0,0,0,0,2316,2,1966,121,0,0,0,1157,56247
45,2024,7,A3122,BILBAO - SESTAO - Errepelega/Repelega,12964,281,94,4061,23,0,0,0,0,238,21,0,529,43,1,664,14,0,252,1,3,913,19,3,2,0,0,0,0,0,694,2,1055,49,0,0,0,458,22384
135,2024,8,A2314,BILBAO - Erandiogoikoa - UPV/EHU,1088,30,10,30,0,0,0,0,0,25,0,0,7,0,0,81,1,0,43,0,0,30,0,0,0,0,0,0,0,0,10,0,9,0,0,0,0,12,1376
46,2024,7,A3129,Lutxana - Gurutzeta/Cruces - SANTURTZI,67611,1418,426,21878,44,45,0,0,0,2455,129,5,4074,228,60,3010,80,4,1220,32,0,5724,217,43,20,0,2,0,0,0,3630,5,4505,154,0,0,0,2639,119658
47,2024,7,A3135,SESTAO - Cabieces,29748,516,91,14794,45,9,0,0,0,632,18,0,1020,33,10,1086,30,6,495,4,0,2080,46,22,6,0,0,0,0,0,1978,3,2395,57,0,0,0,1398,56522
48,2024,7,A3136,BILBAO - BARAKALDO - SANTURTZI,72002,1453,362,19969,92,56,1,0,0,2132,176,19,4616,350,173,3052,56,1,1500,51,3,6901,207,15,51,2,1,0,0,0,5155,9,4846,178,0,0,0,2342,125771
49,2024,7,A3137,BILBAO - BARAKALDO,20946,433,141,6817,67,2,0,0,0,471,16,2,809,28,0,1164,11,0,349,0,10,1691,143,5,3,0,0,0,0,0,1067,0,1408,70,0,0,0,880,36533
50,2024,7,A3141,Gurutzeta/Cruces - Bagatza - VALLE DE TRAPAGA TRAPAGARAN,23876,415,46,8896,40,0,0,0,0,693,42,0,1163,50,2,633,22,0,291,15,0,1366,88,0,11,0,0,0,0,0,1324,1,1452,59,0,0,0,1155,41640
51,2024,7,A3144,BILBAO - Gurutzeta/Cruces - BARAKALDO (Ugarte),38860,923,173,7324,43,5,0,0,1,1008,60,0,1955,152,11,1763,34,0,630,14,2,3380,103,26,17,1,0,0,0,0,2296,4,1943,61,0,0,0,1222,62011
52,2024,7,A3151,BILBAO - SANTURTZI  - PORTUGALETE (Autopista),13036,393,15,1767,14,0,0,0,0,350,6,0,320,1,0,1360,6,29,234,0,0,490,2,0,1,0,0,0,0,0,350,0,207,13,0,0,0,630,19224
53,2024,7,A3321,PORTUGALETE - ZIERBENA - La Arena - MUSKIZ,30418,774,83,9952,20,5,0,2,0,320,35,1,668,76,12,166,0,0,197,1,0,475,13,3,12,0,0,0,0,0,2083,4,1398,28,0,0,0,870,47616
54,2024,7,A3331,SESTAO - VALLE DE TRAPAGA TRAPAGARAN,3158,32,3,1508,3,0,0,0,0,52,0,0,116,0,1,53,0,0,10,0,0,217,12,0,0,0,0,0,0,0,219,0,85,5,0,0,0,72,5546
55,2024,7,A3332,VALLE DE TRAPAGA TRAPAGARAN - SANTURTZI,16562,363,41,5639,8,7,0,2,0,716,24,0,948,28,7,620,6,0,311,8,0,771,83,0,1,0,0,0,0,0,906,1,614,18,0,0,0,592,28276
56,2024,7,A3333,Gallarta - SANTURTZI,31002,653,112,12393,10,7,0,0,0,1019,77,4,1329,90,4,653,20,1,472,4,0,1414,78,0,4,0,0,0,0,0,2645,1,893,52,0,0,0,909,53846
57,2024,7,A3335,MUSKIZ - ZIERBENA - SESTAO,23464,405,84,9176,12,1,0,0,0,333,14,0,702,39,1,270,6,0,158,0,0,760,12,2,7,0,0,0,0,0,1866,1,1311,37,0,0,0,742,39403
58,2024,7,A3336,BILBAO - MUSKIZ,51089,1182,200,14028,75,4,1,0,0,1373,120,1,2581,145,7,1198,8,0,522,34,4,2332,73,5,38,6,1,0,0,0,3932,9,2364,121,0,0,0,1722,83175
59,2024,7,A3338,MUSKIZ - BARAKALDO - Areeta/Las Arenas,39522,985,78,12302,39,0,0,0,4,1376,152,1,1940,110,1,1496,75,0,560,4,1,2032,48,4,4,0,0,0,0,0,2381,7,1564,84,0,0,0,818,65588
60,2024,7,A3339,Gurutzeta/Cruces-BARAKALDO-La Arena,13975,355,32,3946,2,0,0,0,0,52,4,0,123,2,1,47,0,0,21,0,0,134,3,3,12,0,0,0,0,0,467,1,994,15,0,0,0,423,20612
61,2024,7,A3340,BILBAO - ABANTO Y CIERVANA ABANTO ZIERBENA - MUSKIZ (Autopista),11100,278,2,2924,1,0,0,0,0,389,9,0,585,16,0,392,21,0,43,0,0,228,111,0,0,0,0,0,0,0,564,2,257,21,0,0,0,600,17543
62,2024,7,A3521,BILBAO - Hospital Santa Marina Ospitalea,0,0,0,0,0,0,0,0,0,0,0,0,0,0,0,0,0,0,0,0,0,0,0,0,0,0,0,0,0,0,0,0,0,0,0,0,0,0,0
63,2024,7,A0651,BILBAO - BALMASEDA,41078,1440,273,10774,140,0,0,0,0,676,98,0,1668,233,4,1017,42,0,463,3,0,1919,0,0,17,0,0,0,0,0,2056,13,894,44,0,0,0,706,63558
64,2024,7,A0652,LANESTOSA - BALMASEDA,2691,13,1,1014,0,0,0,0,0,43,0,0,20,0,0,1,0,0,0,0,0,34,0,0,0,0,0,0,0,0,764,2,138,1,0,0,0,10,4732
65,2024,7,A0653,TRUCIOS TURTZIOZ - ARTZENTALES,339,4,0,302,0,0,0,0,0,0,0,0,0,0,0,0,0,0,0,0,0,0,0,0,0,0,0,0,0,0,519,0,11,1,0,0,0,0,1176
66,2024,7,A0654,BALMASEDA - Gurutzeta/Cruces - UPV/EHU,3868,97,30,1790,8,0,0,0,0,50,1,0,94,12,0,91,0,0,5,0,0,56,1,0,1,0,0,0,0,0,219,0,130,8,0,0,0,53,6514
67,2024,7,A3323,PORTUGALETE - GALDAMES,2977,55,3,1090,0,0,0,0,0,63,2,0,305,0,0,24,0,0,4,0,0,47,0,0,0,0,0,0,0,0,193,0,61,1,0,0,0,35,4860
68,2024,7,A3334,SANTURTZI - BALMASEDA,4743,137,9,1061,1,0,0,0,0,40,41,0,283,18,1,38,0,0,14,0,0,35,0,0,0,0,0,0,0,0,310,0,70,0,0,0,0,78,6879
69,2024,7,A3341,BILBAO - Sodupe - Arespalditza Respaldiza,3183,50,39,930,2,0,0,0,0,47,3,0,111,1,1,84,3,0,25,0,0,149,10,0,1,0,0,0,0,0,158,0,86,3,0,0,0,77,4963
70,2024,7,A3342,BILBAO - Sodupe - ARTZINIEGA,15605,589,91,4964,4,3,0,0,0,369,14,0,621,34,0,341,9,0,142,0,0,967,42,0,12,0,0,4,0,0,789,4,390,9,0,0,0,154,25157
71,2024,7,A3343,BILBAO - Sodupe - GORDEXOLA,2872,55,3,954,1,0,0,0,0,44,3,0,151,2,0,35,1,0,10,0,0,182,3,0,0,0,0,0,0,0,109,1,75,0,0,0,0,30,4531
72,2024,7,A2151,Areeta/Las Arenas-LARRABETZU,9939,277,26,2355,13,0,0,0,0,340,46,0,512,53,8,373,10,0,266,0,0,817,26,6,0,0,0,0,0,0,592,0,208,5,0,0,0,78,15950
73,2024,7,A2153,BILBAO-Corredor Txorierri-ko Korridorea-LARRABETZU,10307,151,12,1504,16,1,0,0,0,355,11,0,3226,55,3,400,5,0,376,0,0,949,31,5,26,0,0,0,0,0,1410,2,164,3,0,0,0,89,19101
74,2024,7,A2161,Bizkaia Zubia/Puente Bizkaia-UPV/EHU,8610,207,15,3118,2,2,0,0,0,283,36,4,551,48,4,299,10,0,176,0,0,772,6,2,0,0,0,0,0,0,341,0,387,9,0,0,0,107,14989
75,2024,7,A2162,Andra Mari/Santa Maria Getxo-UPV/EHU (Algorta),554,34,1,56,0,0,0,0,0,30,1,0,35,0,0,9,1,0,8,0,0,32,0,0,0,0,0,0,0,0,17,0,1,0,0,0,0,2,781
76,2024,7,A2163,ERANDIO-UPV/EHU,0,0,0,0,0,0,0,0,0,0,0,0,0,0,0,0,0,0,0,0,0,0,0,0,0,0,0,0,0,0,0,0,0,0,0,0,0,0,0
77,2024,7,A2164,Andra Mari/Santa Maria Getxo-UPV/EHU (Fadura),0,0,0,0,0,0,0,0,0,0,0,0,0,0,0,0,0,0,0,0,0,0,0,0,0,0,0,0,0,0,0,0,0,0,0,0,0,0,0
78,2024,7,A2166,URIBE KOSTA - UPV/EHU,0,0,0,0,0,0,0,0,0,0,0,0,0,0,0,0,0,0,0,0,0,0,0,0,0,0,0,0,0,0,0,0,0,0,0,0,0,0,0
79,2024,7,A2322,BILBAO-ERANDIO-Astrabudua-UPV/EHU,7097,100,14,2050,12,0,0,0,0,277,3,3,531,48,1,273,2,0,218,26,1,861,7,17,0,0,0,0,0,0,281,0,198,2,0,0,0,278,12300
80,2024,7,A3223,BILBAO-LARRABETZU(Artxandako tunelak/Tuneles Artxanda),10974,321,21,1710,6,0,0,0,0,488,42,0,464,94,8,383,18,0,94,0,0,550,8,0,2,0,0,0,0,0,672,0,193,2,0,0,0,169,16219
81,2024,7,A3224,BILBAO-DERIO-Teknologia parkea/Parque Tecnologico,6348,152,16,1288,12,0,0,0,0,260,5,0,286,26,0,478,13,0,146,15,0,544,8,0,0,0,0,1,0,0,163,0,78,1,0,0,0,99,9939
82,2024,7,A3225,BILBAO - LAUKIZ - MUNGIA,3563,85,9,496,0,0,0,0,0,22,8,0,374,8,1,99,0,0,85,0,0,446,2,2,0,0,0,0,0,0,121,0,118,4,0,0,0,50,5493
83,2024,7,A3247,BILBAO-Aireportua/Aeropuerto,60553,1400,152,3907,26,1,15,15,16,508,21,5,729,17,4,1242,17,2,379,20,0,1403,13,7,1247,39,11,26,0,0,64739,47,1859,38,0,0,0,365,138823
84,2024,7,A3250,BILBAO-Teknologia Parkea/Parque Tecnologico (Artxandako tunelak/Tuneles Artxanda),13029,189,6,724,0,0,0,0,0,519,126,37,1068,39,0,891,11,0,418,7,0,1060,31,36,1,0,0,2,0,0,202,0,3,0,0,0,0,59,18458
85,2024,7,A3516,BILBAO - MUNGIA (Por autopista/tik),1259,59,11,50,1,1,0,0,0,23,4,0,79,9,0,14,0,0,3,1,0,30,0,0,0,0,0,0,0,0,11,0,7,0,0,0,0,8,1570
86,2024,7,A3517,BILBAO - DERIO - MUNGIA,53073,1688,314,7480,56,7,10,4,8,933,145,10,1927,216,59,913,66,0,503,1,0,3081,26,18,47,1,6,0,0,0,5390,2,652,42,0,0,0,588,77266
87,2024,7,A3518,BILBAO - MUNGIA - BAKIO (Por la autopista/tik),74763,3168,372,11624,99,27,8,0,0,872,164,30,2508,256,46,1807,54,10,400,0,0,2815,24,26,42,1,0,3,0,0,3450,0,1088,37,0,0,0,722,104416
222,2024,9,A3534,GERNIKA LUMO - ERRIGOITI,102,0,4,3,0,0,0,0,0,0,0,0,0,0,0,0,0,0,0,0,0,0,0,0,0,0,0,0,0,0,0,0,0,0,0,0,0,0,109
88,2024,7,A3522,MUNGIA-DERIO-Gurutzeta/Cruces,8668,102,51,1760,3,0,0,0,0,121,2,13,567,43,4,373,0,1,126,0,0,793,3,6,0,0,0,0,0,0,342,1,187,24,0,0,0,93,13283
89,2024,7,A3524,BERMEO - BAKIO,0,0,0,0,0,0,0,0,0,0,0,0,0,0,0,0,0,0,0,0,0,0,0,0,0,0,0,0,0,0,0,0,0,0,0,0,0,0,0
90,2024,7,A3527,BILBAO - MUNGIA - BERMEO (Por la autopista/tik),51565,2011,373,8610,63,12,0,0,0,1414,132,19,2144,147,23,1960,52,9,318,0,0,1930,88,15,16,0,0,1,0,0,1887,5,660,27,0,0,0,458,73939
91,2024,7,A3528,BERMEO - MUNGIA - DERIO - UPV/EHU,0,0,0,0,0,0,0,0,0,0,0,0,0,0,0,0,0,0,0,0,0,0,0,0,0,0,0,0,0,0,0,0,0,0,0,0,0,0,0
92,2024,7,A3529,MUNGIA - GAMIZ - FIKA,546,43,1,126,0,0,0,0,0,0,0,0,9,0,0,14,0,0,0,0,0,76,0,0,0,0,0,0,0,0,23,0,2,0,0,0,0,5,845
93,2024,7,A3530,MUNGIA - MEÃAKA - ARRIETA,365,10,0,71,0,0,0,0,0,2,0,0,0,0,0,2,0,0,0,0,0,34,0,0,0,0,0,0,0,0,40,0,0,0,0,0,0,5,529
94,2024,7,A3531,LEIOA-Hospital Urduliz Ospitalea - GATIKA -MUNGIA,9916,445,39,3369,17,3,0,0,0,248,40,2,989,43,0,243,1,0,76,2,0,620,22,2,3,0,0,0,0,0,659,0,416,12,0,0,0,111,17278
95,2024,7,A3537,PLENTZIA-GORLIZ-MUNGIA,10951,532,76,2227,6,25,0,0,0,135,17,2,504,19,0,109,1,8,112,0,0,353,3,3,2,2,0,0,0,0,468,1,309,32,0,0,0,128,16025
96,2024,8,A2610,GALDAKAO - UPV/EHU,0,0,0,0,0,0,0,0,0,0,0,0,0,0,0,0,0,0,0,0,0,0,0,0,0,0,0,0,0,0,0,0,0,0,0,0,0,0,0
97,2024,8,A2611,UGAO MIRABALLES - BASAURI - ETXEBARRI - UPV/EHU,0,0,0,0,0,0,0,0,0,0,0,0,0,0,0,0,0,0,0,0,0,0,0,0,0,0,0,0,0,0,0,0,0,0,0,0,0,0,0
98,2024,8,A3613,BILBAO - UGAO MIRABALLES - OROZKO,15752,298,42,7271,11,1,0,0,0,244,15,0,348,11,7,230,1,0,79,4,12,1014,14,3,13,0,0,7,0,0,1296,0,743,31,0,0,0,271,27718
99,2024,8,A3622,BILBAO - BASAURI - Artunduaga - San Miguel -ZARATAMO,6285,94,43,2036,5,1,0,0,0,216,0,0,314,18,68,233,0,0,96,1,5,794,3,0,3,0,0,0,0,0,404,1,258,10,0,0,0,143,11031
100,2024,8,A3631,BILBAO - GALDAKAO - LARRABETZU,18963,366,147,4364,3,0,0,0,2,369,17,0,929,41,5,551,11,0,293,27,0,976,0,0,19,2,0,0,0,0,1241,0,771,15,0,0,0,385,29497
101,2024,8,A3632,BILBAO - ETXEBARRI - BASAURI - San Miguel (BegoÃ±a),3310,46,9,1384,7,0,0,0,0,59,0,0,210,9,0,223,2,1,39,3,3,473,3,0,2,0,0,0,0,0,163,0,230,6,0,0,0,162,6344
102,2024,8,A3641,Nerbioi Garaia/Alto Nervion - ARRIGORRIAGA - Hospital Galdakao Ospitalea,23695,343,99,9471,22,5,0,0,0,283,24,9,744,35,2,705,1,0,376,11,4,1365,10,10,30,1,0,6,0,0,1408,3,657,27,0,0,0,244,39590
223,2024,9,A3535,LEKEITIO - AMOROTO,69,8,0,11,0,0,0,0,0,0,0,0,0,0,0,0,0,0,0,0,0,0,0,0,0,0,0,0,0,0,8,0,0,0,0,0,0,0,96
103,2024,8,A3642,BASAURI - Hospital Galdakao Ospitalea (Bengoetxe),4390,102,23,1841,1,3,0,0,0,57,6,0,75,1,1,177,1,0,85,1,0,323,2,2,0,0,0,0,0,0,180,0,96,13,0,0,0,56,7436
104,2024,8,A3911,BILBAO - Hospital Galdakao Ospitalea - LEMOA - DURANGO - ELORRIO,30370,828,229,7178,29,2,0,0,0,517,48,0,801,54,27,579,24,2,193,25,0,1147,17,2,19,1,0,0,0,0,1566,0,628,32,0,0,0,309,44627
105,2024,8,A3912,BILBAO - Hospital Galdakao Ospitalea - LEMOA - DURANGO - ERMUA - EIBAR,30704,781,270,7704,29,8,0,0,0,491,17,0,891,35,29,797,55,1,226,12,0,1222,28,10,10,2,0,1,0,0,1848,3,730,30,0,0,0,353,46287
106,2024,8,A3913,Arrazola - DURANGO,4987,242,46,1922,1,0,0,0,0,73,8,0,125,2,3,88,0,0,8,3,0,32,0,0,2,0,0,0,0,0,317,0,138,1,0,0,0,15,8013
107,2024,8,A3917,BILBAO - Hospital Galdakao Ospitalea - LEMOA - ZEANURI,29513,762,106,5224,15,0,0,0,0,423,7,0,1467,92,22,699,13,3,268,2,0,1471,13,4,12,3,0,0,0,0,1640,0,909,8,0,0,0,420,43096
108,2024,8,A3923,BILBAO - DURANGO - ELORRIO (Autopista),36120,1198,458,5684,9,2,0,0,0,485,45,3,532,6,5,603,9,6,196,0,0,584,8,4,21,0,0,0,0,0,1840,1,639,37,0,0,0,110,48605
109,2024,8,A3924,ERMUA - DURANGO - UPV/EHU,0,0,0,0,0,0,0,0,0,0,0,0,0,0,0,0,0,0,0,0,0,0,0,0,0,0,0,0,0,0,0,0,0,0,0,0,0,0,0
110,2024,8,A3925,BILBAO - LEMOA - OTXANDIO - UBIDE,14586,360,56,3829,13,1,0,0,0,211,5,1,608,18,13,462,9,1,198,0,0,757,14,0,35,20,0,0,0,0,742,0,488,0,0,0,0,241,22668
111,2024,8,A3926,BILBAO - ERMUA - EIBAR (Autopista),19852,315,74,2057,11,1,0,0,0,152,0,10,39,0,0,521,1,0,47,0,0,378,0,0,6,0,0,0,0,0,2116,25,538,7,0,0,0,39,26189
112,2024,8,A3927,BILBAO - LEMOA - ZEANURI (Autopista),2015,69,6,150,0,0,0,0,0,14,0,0,58,2,0,10,0,0,5,0,0,28,0,0,0,0,0,0,0,0,0,0,22,0,0,0,0,21,2400
113,2024,8,A3928,ARTEA - ZEBERIO - UGAO MIRABALLES,1053,18,0,771,0,0,0,0,0,17,1,0,21,0,0,7,0,0,1,0,0,52,1,0,0,0,0,0,0,0,123,0,24,0,0,0,0,15,2104
114,2024,8,A3930,BILBAO - GALDAKAO (Autopista),1,0,0,1,0,0,0,0,0,0,0,0,0,0,0,0,0,0,0,0,0,1,0,0,0,0,0,0,0,0,0,0,0,0,0,0,0,0,3
115,2024,8,A3931,GARAI - DURANGO,0,0,0,0,0,0,0,0,0,0,0,0,0,0,0,0,0,0,0,0,0,0,0,0,0,0,0,0,0,0,37,0,0,0,0,0,0,0,37
116,2024,8,A3932,GALDAKAO - Metro Bolueta,33264,555,96,11151,51,24,0,0,0,11,0,0,16,1,0,20,1,0,16,0,0,39,2,0,18,2,0,0,0,0,550,0,949,89,0,0,0,394,47249
117,2024,8,A3933,BILBAO - DURANGO (Autopista),13679,425,220,2131,3,2,0,0,0,282,35,2,264,20,2,680,44,10,96,0,0,300,4,24,15,0,0,0,0,0,562,0,307,19,0,0,0,50,19176
224,2024,9,A3536,LEKEITIO - MENDEXA,71,0,0,9,0,0,0,0,0,0,0,0,0,0,0,0,0,0,0,0,0,0,0,0,0,0,0,0,0,0,6,0,0,0,0,0,0,0,86
118,2024,8,A3512,BILBAO - LEKEITIO (Autopista),37090,1175,139,7125,28,0,0,0,2,319,10,0,97,0,1,337,28,3,179,9,0,264,1,0,0,0,0,0,0,0,2938,7,603,17,0,0,0,171,50543
119,2024,8,A3513,BILBAO - Hospital Galdakao Ospitalea - GERNIKA LUMO - EA - LEKEITIO,14465,376,33,3966,2,11,0,0,0,162,6,0,117,1,3,149,0,0,31,1,0,210,0,0,0,0,0,0,0,0,1426,5,142,6,0,0,0,77,21189
120,2024,8,A3514,BILBAO - AMOREBIETA ETXANO - GERNIKA LUMO,28895,726,53,5005,31,1,2,0,0,457,34,0,938,38,4,692,24,0,210,0,0,1078,2,0,0,0,0,0,0,0,1489,22,365,15,0,0,0,120,40201
121,2024,8,A3515,BILBAO - AMOREBIETA ETXANO - GERNIKA LUMO - BERMEO,67146,1946,242,13727,71,3,2,0,1,890,143,0,1656,28,1,967,24,0,248,0,0,1522,26,0,0,0,0,0,0,0,3686,2,1008,8,0,0,0,358,93705
122,2024,8,A3523,BILBAO - Hospital Galdakao Ospitalea - GERNIKA LUMO - AULESTI - LEKEITIO,10005,262,26,3031,38,0,0,0,0,116,2,0,88,1,3,154,2,0,24,0,0,166,1,0,0,0,0,0,0,0,1143,5,156,17,0,0,0,30,15270
123,2024,8,A3525,GERNIKA LUMO - AMOREBIETA ETXANO  - UPV/EHU,0,0,0,0,0,0,0,0,0,0,0,0,0,0,0,0,0,0,0,0,0,0,0,0,0,0,0,0,0,0,0,0,0,0,0,0,0,0,0
124,2024,8,A3526,MUNGIA - GERNIKA LUMO - IBARRANGELU,21986,847,74,4943,0,10,4,0,0,36,0,0,183,0,0,22,0,0,0,0,0,85,0,0,0,0,0,0,0,0,1987,2,475,11,0,0,0,127,30792
125,2024,8,A3532,GERNIKA LUMO - NABARNIZ,51,1,0,25,0,0,0,0,0,0,0,0,0,0,0,0,0,0,0,0,0,0,0,0,0,0,0,0,0,0,0,0,0,0,0,0,0,0,77
126,2024,8,A3533,GERNIKA LUMO - MENDATA,51,2,0,3,0,0,0,0,0,0,0,0,0,0,0,0,0,0,0,0,0,0,0,0,0,0,0,0,0,0,2,0,0,0,0,0,0,0,58
127,2024,8,A3534,GERNIKA LUMO - ERRIGOITI,32,0,0,1,0,0,0,0,0,0,0,0,0,0,0,0,0,0,0,0,0,0,0,0,0,0,0,0,0,0,3,0,0,0,0,0,0,0,36
128,2024,8,A3535,LEKEITIO - AMOROTO,61,0,0,44,0,0,0,0,0,0,0,0,0,0,0,0,0,0,0,0,0,0,0,0,0,0,0,0,0,0,9,0,0,0,0,0,0,0,114
129,2024,8,A3536,LEKEITIO - MENDEXA,350,11,0,28,0,0,0,0,0,0,0,0,0,0,0,0,0,0,0,0,0,0,0,0,0,0,0,0,0,0,72,0,0,0,0,0,0,0,461
130,2024,8,A3538,LEKEITIO-Barainka,5,0,0,12,0,0,0,0,0,0,0,0,0,0,0,0,0,0,0,0,0,0,0,0,0,0,0,0,0,0,5,0,0,0,0,0,0,0,22
131,2024,8,A3915,BILBAO - DURANGO - ONDARROA (Autopista),35389,973,372,10765,31,2,0,1,0,521,20,0,272,26,15,428,17,18,249,35,0,377,4,3,0,0,0,0,0,0,2933,0,833,38,0,0,0,174,53496
132,2024,8,A3916,BILBAO - ERMUA - ONDARROA (Autopista),23355,592,156,5396,11,1,0,1,0,219,4,12,88,0,0,374,17,0,80,9,0,350,0,0,0,0,0,0,0,0,2257,4,608,11,0,0,0,103,33648
133,2024,8,A3922,MUNITIBAR ARBATZEGI GERRIKAITZ - ZIORTZA BOLIBAR - MARKINA XEMEIN - ETXEBARRIA,248,4,0,70,0,0,0,0,0,0,0,0,0,0,0,0,0,0,0,0,0,0,0,0,0,0,0,0,0,0,26,0,0,0,0,0,0,0,348
134,2024,8,A2312,Zabalburu - UPV/EHU  (Juan de Garay),0,0,0,0,0,0,0,0,0,0,0,0,0,0,0,0,0,0,0,0,0,0,0,0,0,0,0,0,0,0,0,0,0,0,0,0,0,0,0
136,2024,8,A2318,Termibus - UPV/EHU (Autopista),2319,25,0,26,0,0,0,0,0,62,0,0,15,1,0,137,3,0,129,0,0,48,0,0,0,0,0,0,0,0,49,0,2,0,0,0,0,3,2819
137,2024,8,A2321,Santutxu - UPV/EHU (Autopista),0,0,0,0,0,0,0,0,0,0,0,0,0,0,0,0,0,0,0,0,0,0,0,0,0,0,0,0,0,0,0,0,0,0,0,0,0,0,0
138,2024,8,A2324,BILBAO - UPV/EHU (Enekuri),0,0,0,0,0,0,0,0,0,0,0,0,0,0,0,0,0,0,0,0,0,0,0,0,0,0,0,0,0,0,0,0,0,0,0,0,0,0,0
139,2024,8,A3115,BILBAO - SANTURTZI,29479,405,125,9027,33,3,2,8,0,405,22,0,1028,89,3,868,53,9,424,59,0,2512,67,12,15,0,0,0,0,0,2464,2,1878,66,0,0,0,1076,50134
140,2024,8,A3122,BILBAO - SESTAO - Errepelega/Repelega,12552,194,85,4062,9,0,0,0,0,239,11,0,420,38,2,542,10,1,222,1,0,984,20,9,0,0,0,1,0,0,720,1,1042,49,0,0,0,424,21638
141,2024,8,A3129,Lutxana - Gurutzeta/Cruces - SANTURTZI,46052,857,228,13663,27,25,0,0,4,1444,44,1,2549,114,47,1817,45,1,807,36,2,3812,159,37,17,0,3,0,0,0,2508,2,2797,76,0,0,0,1537,78711
142,2024,8,A3135,SESTAO - Cabieces,27026,351,79,13177,4,2,0,0,0,414,10,2,822,28,11,875,9,0,459,0,0,1692,37,26,4,0,1,0,0,0,1770,0,1945,88,0,0,0,1203,50035
143,2024,8,A3136,BILBAO - BARAKALDO - SANTURTZI,67425,1247,315,18024,91,28,0,2,6,1749,104,15,4130,328,165,2489,56,7,1168,47,4,6909,150,12,54,2,1,0,0,0,5184,3,4313,172,0,0,0,1976,116176
144,2024,8,A3137,BILBAO - BARAKALDO,18880,333,136,5593,17,0,0,0,0,359,3,0,631,28,0,863,27,1,235,1,2,1582,61,6,4,0,0,1,0,0,1246,0,1219,46,0,0,0,893,32167
145,2024,8,A3141,Gurutzeta/Cruces - Bagatza - VALLE DE TRAPAGA TRAPAGARAN,19940,289,68,7077,36,2,6,0,0,441,37,2,1072,37,4,466,29,3,207,0,2,1386,57,0,7,0,0,0,0,0,1265,2,1115,57,0,0,0,873,34480
146,2024,8,A3144,BILBAO - Gurutzeta/Cruces - BARAKALDO (Ugarte),35498,872,142,6559,52,0,0,0,0,770,34,1,1772,121,8,1583,19,0,476,11,3,3179,79,9,37,0,0,0,0,0,2577,2,1889,66,0,0,0,1041,56800
147,2024,8,A3151,BILBAO - SANTURTZI  - PORTUGALETE (Autopista),11346,237,12,1829,3,0,0,0,0,331,20,0,189,2,0,816,7,57,177,2,0,400,3,0,4,0,2,0,0,0,399,0,331,10,0,0,0,626,16803
148,2024,8,A3321,PORTUGALETE - ZIERBENA - La Arena - MUSKIZ,23498,577,57,9069,10,1,0,0,0,160,16,0,479,41,11,181,2,0,156,0,0,482,14,8,5,0,0,0,0,0,1794,1,932,28,0,0,0,650,38172
149,2024,8,A3331,SESTAO - VALLE DE TRAPAGA TRAPAGARAN,2891,26,1,1401,0,0,0,0,0,29,1,0,93,1,0,30,0,0,10,0,0,141,14,1,0,0,0,0,0,0,170,0,103,5,0,0,0,103,5020
225,2024,9,A3538,LEKEITIO-Barainka,2,0,0,4,0,0,0,0,0,0,0,0,0,0,0,0,0,0,0,0,0,0,0,0,0,0,0,0,0,0,1,0,0,0,0,0,0,0,7
150,2024,8,A3332,VALLE DE TRAPAGA TRAPAGARAN - SANTURTZI,13770,332,26,4546,3,2,2,0,0,470,21,0,500,25,8,458,21,0,159,2,0,619,81,0,6,0,0,0,0,0,862,0,458,16,0,0,0,442,22829
151,2024,8,A3333,Gallarta - SANTURTZI,25113,523,94,9968,6,3,0,4,0,641,52,0,1080,70,7,451,4,0,365,0,0,1158,76,0,4,0,2,0,0,0,2359,5,703,36,0,0,0,816,43540
152,2024,8,A3335,MUSKIZ - ZIERBENA - SESTAO,18056,264,45,8235,11,1,0,0,0,188,8,0,504,12,2,186,3,0,124,0,0,829,15,6,4,0,0,0,0,0,1503,0,922,50,0,0,0,544,31512
153,2024,8,A3336,BILBAO - MUSKIZ,43499,938,128,12270,46,6,2,0,0,950,91,0,2090,167,6,907,16,0,366,13,1,2316,53,3,42,1,0,0,0,0,4068,17,2139,117,0,0,0,1734,71986
154,2024,8,A3338,MUSKIZ - BARAKALDO - Areeta/Las Arenas,30404,562,39,10248,23,0,2,0,0,838,83,0,1380,63,4,955,93,3,461,1,0,1763,55,6,17,0,0,0,0,0,1875,3,1225,48,0,0,0,752,50903
155,2024,8,A3339,Gurutzeta/Cruces-BARAKALDO-La Arena,9552,180,10,3709,0,0,0,0,0,25,0,0,71,1,0,52,0,0,17,2,0,158,1,0,13,0,0,0,0,0,420,0,611,15,0,0,0,258,15095
156,2024,8,A3340,BILBAO - ABANTO Y CIERVANA ABANTO ZIERBENA - MUSKIZ (Autopista),10299,303,1,3208,1,0,0,2,0,261,3,0,467,29,1,264,3,0,25,0,0,232,75,0,6,0,0,0,0,0,498,3,244,25,0,0,0,565,16515
157,2024,8,A3521,BILBAO - Hospital Santa Marina Ospitalea,0,0,0,0,0,0,0,0,0,0,0,0,0,0,0,0,0,0,0,0,0,0,0,0,0,0,0,0,0,0,0,0,0,0,0,0,0,0,0
158,2024,8,A0651,BILBAO - BALMASEDA,35890,946,152,9266,72,0,0,0,0,433,24,0,1405,89,0,739,0,0,188,0,0,1518,0,2,21,2,0,1,0,0,2063,13,989,37,0,0,0,467,54317
159,2024,8,A0652,LANESTOSA - BALMASEDA,2507,30,0,778,0,0,0,0,0,7,0,0,0,0,0,0,0,0,0,0,0,35,0,0,0,0,0,0,0,0,514,0,99,2,0,0,0,16,3988
160,2024,8,A0653,TRUCIOS TURTZIOZ - ARTZENTALES,264,1,0,135,0,0,0,0,0,0,0,0,0,0,0,0,0,0,0,0,0,0,0,0,0,0,0,0,0,0,269,0,4,3,0,0,0,0,676
161,2024,8,A0654,BALMASEDA - Gurutzeta/Cruces - UPV/EHU,2971,53,2,1278,11,0,0,0,0,26,1,0,51,3,0,57,0,0,9,0,0,17,1,0,1,0,0,0,0,0,224,2,101,15,0,0,0,39,4862
162,2024,8,A3323,PORTUGALETE - GALDAMES,2481,46,0,1018,1,0,0,0,0,47,1,0,245,0,0,29,0,0,2,0,0,33,0,0,0,0,0,0,0,0,160,0,44,3,0,0,0,65,4175
163,2024,8,A3334,SANTURTZI - BALMASEDA,3910,107,12,903,0,4,0,0,0,34,37,0,371,35,0,34,0,0,6,0,0,33,0,0,0,0,0,0,0,0,275,0,75,0,0,0,0,58,5894
164,2024,8,A3341,BILBAO - Sodupe - Arespalditza Respaldiza,2530,34,46,861,0,0,0,0,0,33,2,0,78,0,0,137,2,0,8,0,0,138,3,0,9,0,0,1,0,0,184,0,89,0,0,0,0,60,4215
252,2024,9,A3521,BILBAO - Hospital Santa Marina Ospitalea,0,0,0,0,0,0,0,0,0,0,0,0,0,0,0,0,0,0,0,0,0,0,0,0,0,0,0,0,0,0,0,0,0,0,0,0,0,0,0
165,2024,8,A3342,BILBAO - Sodupe - ARTZINIEGA,14077,385,44,4291,6,0,0,0,0,226,3,0,604,8,0,411,1,0,110,0,0,832,14,0,36,0,0,3,0,0,899,4,257,5,0,0,0,128,22344
166,2024,8,A3343,BILBAO - Sodupe - GORDEXOLA,2123,30,1,733,3,0,0,0,0,27,3,0,124,2,0,61,1,0,6,0,0,105,9,0,0,0,0,1,0,0,182,0,34,1,0,0,0,20,3466
167,2024,8,A2151,Areeta/Las Arenas-LARRABETZU,7773,163,25,1862,3,0,0,0,0,291,16,0,464,62,2,239,0,0,205,0,0,617,27,0,0,0,0,0,0,0,582,0,137,11,0,0,0,75,12554
168,2024,8,A2153,BILBAO-Corredor Txorierri-ko Korridorea-LARRABETZU,10103,140,11,1354,9,0,1,1,0,239,2,0,2709,25,2,257,23,0,340,4,0,1034,19,4,25,0,0,0,0,0,1636,0,153,4,0,0,0,92,18187
169,2024,8,A2161,Bizkaia Zubia/Puente Bizkaia-UPV/EHU,5225,123,11,2220,1,0,0,0,0,161,19,0,368,57,1,168,9,0,122,0,0,576,2,0,2,0,0,0,0,0,192,0,283,3,0,0,0,60,9603
170,2024,8,A2162,Andra Mari/Santa Maria Getxo-UPV/EHU (Algorta),0,0,0,0,0,0,0,0,0,0,0,0,0,0,0,0,0,0,0,0,0,0,0,0,0,0,0,0,0,0,0,0,0,0,0,0,0,0,0
171,2024,8,A2163,ERANDIO-UPV/EHU,0,0,0,0,0,0,0,0,0,0,0,0,0,0,0,0,0,0,0,0,0,0,0,0,0,0,0,0,0,0,0,0,0,0,0,0,0,0,0
172,2024,8,A2164,Andra Mari/Santa Maria Getxo-UPV/EHU (Fadura),0,0,0,0,0,0,0,0,0,0,0,0,0,0,0,0,0,0,0,0,0,0,0,0,0,0,0,0,0,0,0,0,0,0,0,0,0,0,0
173,2024,8,A2166,URIBE KOSTA - UPV/EHU,0,0,0,0,0,0,0,0,0,0,0,0,0,0,0,0,0,0,0,0,0,0,0,0,0,0,0,0,0,0,0,0,0,0,0,0,0,0,0
174,2024,8,A2322,BILBAO-ERANDIO-Astrabudua-UPV/EHU,6907,80,10,2196,3,0,0,0,0,0,0,0,0,0,0,0,0,0,0,0,0,0,0,0,2,0,0,2,0,0,293,0,163,3,0,0,0,249,9908
175,2024,8,A3223,BILBAO-LARRABETZU(Artxandako tunelak/Tuneles Artxanda),9922,342,23,1544,0,0,0,0,0,177,15,5,413,29,2,248,9,0,164,7,0,972,4,2,4,1,0,0,0,0,967,0,256,7,0,0,0,127,15240
176,2024,8,A3224,BILBAO-DERIO-Teknologia parkea/Parque Tecnologico,5907,131,0,1288,4,0,0,0,0,321,27,0,412,112,12,325,30,0,97,4,0,487,3,3,2,0,0,0,0,0,289,0,104,0,0,0,0,80,9638
177,2024,8,A3225,BILBAO - LAUKIZ - MUNGIA,3406,85,4,471,0,0,0,0,0,149,8,0,245,33,0,259,9,0,144,0,0,609,5,0,0,0,0,0,0,0,163,0,68,2,0,0,0,27,5687
178,2024,8,A3247,BILBAO-Aireportua/Aeropuerto,65724,1156,88,3476,34,4,0,0,0,0,0,0,1,0,0,0,0,0,0,0,0,0,0,0,1606,52,9,29,0,0,67974,32,2170,37,0,0,0,401,142793
179,2024,8,A3250,BILBAO-Teknologia Parkea/Parque Tecnologico (Artxandako tunelak/Tuneles Artxanda),7386,52,0,303,0,0,0,0,0,0,0,0,0,0,0,0,0,0,0,0,0,0,0,0,0,0,0,0,0,0,73,0,8,0,0,0,0,18,7840
180,2024,8,A3516,BILBAO - MUNGIA (Por autopista/tik),1719,66,12,102,0,0,0,0,0,257,29,14,481,16,0,576,0,0,247,0,0,546,3,9,0,0,0,0,0,0,48,0,19,0,0,0,0,22,4166
181,2024,8,A3517,BILBAO - DERIO - MUNGIA,54483,1991,333,6927,32,0,0,0,0,24,7,0,98,8,0,18,0,0,4,0,0,52,0,0,53,0,2,4,0,0,6462,4,829,49,0,0,0,533,71913
182,2024,8,A3518,BILBAO - MUNGIA - BAKIO (Por la autopista/tik),68961,2826,214,11277,31,2,7,15,12,612,98,2,1705,134,28,605,64,0,386,2,0,2862,33,12,59,2,0,0,0,0,3820,4,1064,15,0,0,0,630,95482
183,2024,8,A3522,MUNGIA-DERIO-Gurutzeta/Cruces,6926,83,42,1274,3,0,0,0,5,597,113,34,2107,198,15,1218,74,0,365,0,7,2442,9,14,3,0,0,0,0,0,242,2,108,23,0,0,0,84,15988
184,2024,8,A3524,BERMEO - BAKIO,0,0,0,0,0,0,2,0,0,113,2,0,359,12,5,205,0,0,76,0,0,634,0,8,0,0,0,0,0,0,0,0,0,0,0,0,0,0,1416
185,2024,8,A3527,BILBAO - MUNGIA - BERMEO (Por la autopista/tik),45804,1553,204,7249,13,2,0,0,0,0,0,0,0,0,0,0,0,0,0,0,0,0,0,0,14,0,0,0,0,0,2245,0,693,22,0,0,0,502,58301
186,2024,8,A3528,BERMEO - MUNGIA - DERIO - UPV/EHU,0,0,0,0,0,0,4,0,0,674,82,19,1738,96,16,1403,42,0,309,0,19,1777,98,11,0,0,0,0,0,0,0,0,0,0,0,0,0,0,6288
187,2024,8,A3529,MUNGIA - GAMIZ - FIKA,436,18,0,114,0,0,0,0,0,0,0,0,0,0,0,22,0,0,1,0,0,82,0,0,0,0,0,0,0,0,18,0,7,0,0,0,0,8,706
188,2024,8,A3530,MUNGIA - MEÃAKA - ARRIETA,336,8,0,79,0,0,0,0,0,0,0,0,0,0,0,1,0,0,1,0,0,38,0,0,0,0,0,0,0,0,37,0,0,0,0,0,0,1,501
189,2024,8,A3531,LEIOA-Hospital Urduliz Ospitalea - GATIKA -MUNGIA,8284,418,41,2665,1,0,0,1,0,175,14,3,785,17,1,163,0,0,115,0,1,546,60,15,1,0,0,0,0,0,591,0,262,20,0,0,0,99,14278
190,2024,8,A3537,PLENTZIA-GORLIZ-MUNGIA,9062,424,21,2230,1,6,0,0,0,91,2,0,236,27,0,49,1,0,115,0,0,404,1,3,17,0,0,0,0,0,402,0,288,34,0,0,0,145,13559
191,2024,9,A2610,GALDAKAO - UPV/EHU,6642,304,28,374,30,0,0,0,0,2845,323,12,1552,137,8,366,64,0,138,16,0,376,13,0,0,0,0,0,0,0,163,0,62,1,0,0,0,89,13543
192,2024,9,A2611,UGAO MIRABALLES - BASAURI - ETXEBARRI - UPV/EHU,3156,127,18,268,4,0,0,0,0,1472,200,33,613,116,0,134,21,0,58,1,0,169,10,2,0,0,0,0,0,0,75,0,19,0,0,0,0,77,6573
193,2024,9,A3613,BILBAO - UGAO MIRABALLES - OROZKO,20039,488,52,8411,12,0,0,0,0,697,94,39,707,31,10,658,50,0,216,3,0,1131,82,1,0,0,0,0,0,0,1283,1,871,60,0,0,0,390,35326
194,2024,9,A3622,BILBAO - BASAURI - Artunduaga - San Miguel -ZARATAMO,7679,203,66,2180,19,0,0,0,0,228,25,5,361,31,77,572,3,0,152,0,6,989,6,9,0,0,0,0,0,0,371,0,276,7,0,0,0,93,13358
195,2024,9,A3631,BILBAO - GALDAKAO - LARRABETZU,22453,496,148,5962,3,0,0,0,0,1140,115,0,1613,124,5,1201,32,0,455,36,0,1322,5,3,0,0,0,0,0,0,1020,0,574,14,0,0,2,561,37284
196,2024,9,A3632,BILBAO - ETXEBARRI - BASAURI - San Miguel (BegoÃ±a),3926,76,21,1563,24,0,0,0,0,241,11,3,260,32,3,221,18,1,87,0,0,543,25,7,0,0,0,0,0,0,166,0,183,9,0,0,0,155,7575
197,2024,9,A3641,Nerbioi Garaia/Alto Nervion - ARRIGORRIAGA - Hospital Galdakao Ospitalea,32216,651,203,13244,28,5,0,0,0,1122,100,39,1339,44,25,838,37,2,423,14,1,1808,33,15,0,0,0,0,0,0,1845,2,885,34,0,0,0,405,55358
198,2024,9,A3642,BASAURI - Hospital Galdakao Ospitalea (Bengoetxe),12690,322,91,5628,16,7,0,0,0,476,33,5,521,64,3,631,11,0,194,12,2,601,5,12,0,0,0,0,0,0,463,1,450,31,0,0,0,245,22514
199,2024,9,A3911,BILBAO - Hospital Galdakao Ospitalea - LEMOA - DURANGO - ELORRIO,38249,1721,428,9205,43,1,0,1,0,2792,410,28,2016,205,127,1094,26,0,494,7,0,1265,27,26,0,0,0,0,0,0,1845,2,644,33,0,0,0,412,61101
200,2024,9,A3912,BILBAO - Hospital Galdakao Ospitalea - LEMOA - DURANGO - ERMUA - EIBAR,37111,1283,390,8941,24,4,0,0,0,2066,236,20,1479,134,66,1200,49,3,409,19,0,1590,36,22,0,0,0,0,0,0,2203,3,602,7,0,0,0,390,58287
201,2024,9,A3913,Arrazola - DURANGO,7760,497,93,2490,0,0,0,0,0,961,218,12,665,26,78,115,18,0,51,6,0,105,0,2,0,0,0,0,0,0,398,0,148,0,0,0,0,42,13685
202,2024,9,A3917,BILBAO - Hospital Galdakao Ospitalea - LEMOA - ZEANURI,27818,804,185,4742,19,2,0,0,0,1483,111,10,2180,159,54,1038,34,0,347,3,0,1565,15,24,0,0,0,0,0,0,1298,1,558,6,0,0,1,332,42789
203,2024,9,A3923,BILBAO - DURANGO - ELORRIO (Autopista),40822,1850,468,6318,66,2,0,1,0,3064,384,47,2302,215,61,1280,76,19,446,3,0,827,82,3,0,0,0,0,0,0,1827,8,458,20,0,0,0,92,60741
204,2024,9,A3924,ERMUA - DURANGO - UPV/EHU,6308,436,67,144,0,0,0,0,0,3618,414,0,654,34,39,124,26,0,90,0,0,83,2,0,0,0,0,0,0,0,129,0,3,0,0,0,0,38,12209
205,2024,9,A3925,BILBAO - LEMOA - OTXANDIO - UBIDE,15908,582,72,4128,7,0,0,0,4,692,57,2,1115,48,27,596,7,0,248,2,0,911,18,7,0,0,0,0,0,0,636,0,394,6,0,0,0,268,25735
206,2024,9,A3926,BILBAO - ERMUA - EIBAR (Autopista),26092,592,129,2508,3,10,0,0,0,1342,68,39,567,84,24,1420,11,3,386,49,0,1123,40,1,0,0,0,0,0,0,1783,14,481,4,0,0,0,61,36834
207,2024,9,A3927,BILBAO - LEMOA - ZEANURI (Autopista),13364,537,96,1862,20,0,0,0,0,840,74,13,1438,185,16,599,24,0,217,7,0,652,5,4,0,0,0,0,0,0,615,0,292,4,0,0,0,90,20954
208,2024,9,A3928,ARTEA - ZEBERIO - UGAO MIRABALLES,1371,13,0,820,0,0,0,0,0,1,2,0,56,1,0,6,0,0,25,0,0,39,1,0,0,0,0,0,0,0,143,0,41,0,0,0,0,7,2526
209,2024,9,A3930,BILBAO - GALDAKAO (Autopista),16367,368,18,3282,6,0,0,0,0,2061,190,9,1839,59,5,1193,33,0,513,13,0,1369,5,1,0,0,0,0,0,0,342,0,193,16,0,0,0,228,28110
210,2024,9,A3931,GARAI - DURANGO,0,0,0,0,0,0,0,0,0,0,0,0,0,0,0,0,0,0,0,0,0,0,0,0,0,0,0,0,0,0,58,0,0,0,0,0,0,0,58
211,2024,9,A3932,GALDAKAO - Metro Bolueta,31691,776,152,10709,46,9,0,0,0,3214,159,33,3251,110,26,4168,173,0,1054,110,0,3566,85,23,0,0,0,0,0,0,446,2,842,37,0,0,1,518,61201
212,2024,9,A3933,BILBAO - DURANGO (Autopista),23862,935,150,3299,57,3,0,0,0,3225,478,0,2401,320,39,2212,162,22,365,1,0,900,55,11,0,0,0,0,0,0,706,3,235,11,0,0,0,96,39548
213,2024,9,A3512,BILBAO - LEKEITIO (Autopista),33046,1342,71,5069,24,0,0,0,0,1558,139,0,482,44,1,602,108,22,292,2,0,464,0,0,0,0,0,0,0,0,2134,1,361,9,0,0,0,158,45929
214,2024,9,A3513,BILBAO - Hospital Galdakao Ospitalea - GERNIKA LUMO - EA - LEKEITIO,14836,471,38,4269,4,16,0,0,0,681,61,0,366,20,8,196,1,0,45,0,0,240,4,1,0,0,0,0,0,0,1035,0,113,6,0,0,0,109,22520
215,2024,9,A3514,BILBAO - AMOREBIETA ETXANO - GERNIKA LUMO,34922,1190,128,5492,45,5,0,0,0,2014,151,3,3068,270,30,1773,57,0,406,1,0,1657,49,1,0,0,0,0,0,0,1338,4,277,16,0,0,0,230,53127
216,2024,9,A3515,BILBAO - AMOREBIETA ETXANO - GERNIKA LUMO - BERMEO,61193,1941,235,13835,114,1,0,0,2,3135,421,18,4619,340,43,1810,95,0,528,33,0,2378,113,1,0,0,0,0,0,0,2811,4,751,26,0,0,0,292,94739
217,2024,9,A3523,BILBAO - Hospital Galdakao Ospitalea - GERNIKA LUMO - AULESTI - LEKEITIO,10266,355,15,3176,44,0,0,0,0,593,55,0,401,36,7,220,0,0,47,0,0,221,7,0,0,0,0,0,0,0,1000,1,92,5,0,0,0,87,16628
218,2024,9,A3525,GERNIKA LUMO - AMOREBIETA ETXANO  - UPV/EHU,4018,353,5,113,0,0,0,0,0,1600,160,0,523,110,0,52,23,0,8,0,0,26,0,0,0,0,0,0,0,0,61,0,3,0,0,0,0,19,7074
219,2024,9,A3526,MUNGIA - GERNIKA LUMO - IBARRANGELU,5701,189,17,1429,0,2,0,0,3,18,15,0,237,11,0,8,0,0,23,0,0,166,0,0,0,0,0,0,0,0,450,0,42,7,0,0,0,33,8351
220,2024,9,A3532,GERNIKA LUMO - NABARNIZ,259,3,0,100,0,0,0,0,0,0,0,0,0,0,0,0,0,0,0,0,0,0,0,0,0,0,0,0,0,0,0,0,0,0,0,0,0,1,363
221,2024,9,A3533,GERNIKA LUMO - MENDATA,207,1,0,5,0,0,0,0,0,0,0,0,0,0,0,0,0,0,0,0,0,0,0,0,0,0,0,0,0,0,1,0,0,0,0,0,0,0,214
226,2024,9,A3915,BILBAO - DURANGO - ONDARROA (Autopista),36236,1329,312,10654,48,0,0,0,0,1680,152,0,970,84,54,803,28,32,233,13,0,405,12,2,0,0,0,0,0,0,2441,0,621,31,0,0,0,165,56305
227,2024,9,A3916,BILBAO - ERMUA - ONDARROA (Autopista),26184,908,131,4559,6,2,0,0,0,1455,127,36,970,64,16,1016,79,6,218,11,0,707,13,1,0,0,0,0,0,0,1786,3,406,10,0,0,0,85,38799
228,2024,9,A3922,MUNITIBAR ARBATZEGI GERRIKAITZ - ZIORTZA BOLIBAR - MARKINA XEMEIN - ETXEBARRIA,117,1,0,35,0,0,0,0,0,0,0,0,4,0,0,0,0,0,0,0,0,0,0,0,0,0,0,0,0,0,4,0,0,0,0,0,0,0,161
229,2024,9,A2312,Zabalburu - UPV/EHU  (Juan de Garay),11578,752,98,73,27,0,0,0,0,1815,172,6,480,41,5,770,138,10,146,18,0,144,19,6,29,22,0,0,0,0,164,0,1,0,0,0,0,69,16583
230,2024,9,A2314,BILBAO - Erandiogoikoa - UPV/EHU,22733,1297,58,273,2,0,0,0,0,2167,267,61,966,82,5,1305,315,35,543,112,1,608,103,1,114,28,1,0,0,0,410,0,27,0,0,0,0,183,31697
231,2024,9,A2318,Termibus - UPV/EHU (Autopista),39538,2593,138,322,6,0,0,0,0,5776,737,88,3732,408,26,2579,688,37,788,70,31,896,115,19,188,33,0,0,0,0,984,0,32,0,0,0,0,339,60163
232,2024,9,A2321,Santutxu - UPV/EHU (Autopista),9680,516,56,82,1,0,0,0,0,2740,295,4,1607,121,35,796,140,0,382,21,0,277,22,0,25,0,0,0,0,0,165,0,16,0,0,0,0,139,17120
233,2024,9,A2324,BILBAO - UPV/EHU (Enekuri),8367,646,35,32,0,0,0,0,0,957,95,17,391,67,0,569,247,21,226,41,0,167,44,0,25,10,0,0,0,0,111,0,1,0,0,0,0,44,12113
234,2024,9,A3115,BILBAO - SANTURTZI,32530,585,101,10456,52,5,0,0,0,948,90,32,1709,158,19,1270,57,11,653,77,16,3065,152,19,4,0,0,0,0,0,2140,1,1919,72,0,0,0,1477,57618
235,2024,9,A3122,BILBAO - SESTAO - Errepelega/Repelega,12994,292,64,4081,66,4,0,0,0,397,39,4,600,40,6,656,25,6,247,3,0,983,45,5,0,0,0,0,0,0,597,0,1014,63,0,0,0,487,22718
236,2024,9,A3129,Lutxana - Gurutzeta/Cruces - SANTURTZI,66024,1637,358,21285,52,39,0,1,1,3543,194,39,5171,382,70,2960,112,5,1479,48,6,5852,315,40,11,0,0,0,0,0,3174,3,4398,112,0,0,0,3164,120475
237,2024,9,A3135,SESTAO - Cabieces,32525,660,121,15598,54,4,0,0,6,1109,38,12,1514,72,17,1307,26,7,629,6,0,2218,45,39,4,0,0,0,0,0,1946,2,2082,78,0,0,0,1678,61797
238,2024,9,A3136,BILBAO - BARAKALDO - SANTURTZI,72709,1370,492,20933,103,46,0,0,1,3177,262,23,5941,576,174,3319,98,17,1664,70,14,8449,269,21,56,0,0,1,0,0,4748,9,4951,117,0,0,0,2780,132390
239,2024,9,A3137,BILBAO - BARAKALDO,21416,529,68,7119,87,0,2,0,3,806,67,0,1162,74,4,1326,42,2,447,10,6,2105,77,10,8,0,0,0,0,0,1147,0,1423,73,0,0,0,1063,39076
240,2024,9,A3141,Gurutzeta/Cruces - Bagatza - VALLE DE TRAPAGA TRAPAGARAN,26509,440,50,9691,47,2,0,2,2,1351,100,17,1941,89,17,891,33,7,315,9,0,1906,123,3,18,1,3,0,0,0,1140,0,1319,59,0,0,0,1677,47762
241,2024,9,A3144,BILBAO - Gurutzeta/Cruces - BARAKALDO (Ugarte),39323,903,161,7397,36,0,0,2,0,1742,118,8,2542,186,19,1974,100,1,806,16,2,4201,164,43,20,2,0,1,0,0,1997,1,1814,44,0,0,0,1328,64951
242,2024,9,A3151,BILBAO - SANTURTZI  - PORTUGALETE (Autopista),13951,274,36,2013,4,2,0,1,0,800,40,0,368,2,0,2166,40,30,202,23,0,555,16,0,2,0,0,0,0,0,405,0,206,24,0,0,0,893,22053
243,2024,9,A3321,PORTUGALETE - ZIERBENA - La Arena - MUSKIZ,15283,395,100,5526,9,1,0,0,0,1051,98,23,738,111,4,157,19,0,146,0,0,441,26,6,0,0,0,0,0,0,1015,0,512,12,0,0,0,582,26255
244,2024,9,A3331,SESTAO - VALLE DE TRAPAGA TRAPAGARAN,3567,39,1,1682,2,0,0,0,0,125,1,0,233,5,0,75,1,0,81,0,0,222,39,1,0,0,0,0,0,0,199,0,108,9,0,0,0,105,6495
245,2024,9,A3332,VALLE DE TRAPAGA TRAPAGARAN - SANTURTZI,17597,453,28,6015,3,6,0,5,4,1344,96,34,1621,76,5,674,46,0,400,13,0,1213,133,3,0,0,0,0,0,0,961,0,563,23,0,0,0,657,31973
246,2024,9,A3333,Gallarta - SANTURTZI,33036,956,197,12255,18,10,0,0,0,2089,200,29,2543,313,20,706,13,0,594,23,0,2077,110,0,5,0,0,0,0,0,2380,1,1050,39,0,0,0,1126,59790
247,2024,9,A3335,MUSKIZ - ZIERBENA - SESTAO,13766,308,99,6694,6,6,0,0,0,748,73,3,791,53,2,197,25,0,131,3,0,796,9,3,1,0,0,0,0,0,1238,0,483,38,0,0,0,730,26203
248,2024,9,A3336,BILBAO - MUSKIZ,46868,1076,162,13842,68,5,0,1,0,2950,316,6,3561,295,31,1314,52,0,640,23,4,2942,131,20,54,0,0,0,0,0,3055,3,1825,96,0,0,0,1984,81324
249,2024,9,A3338,MUSKIZ - BARAKALDO - Areeta/Las Arenas,37992,781,56,12161,30,5,0,0,0,2513,372,1,2462,143,33,1538,135,2,816,26,1,2372,85,3,16,0,0,0,0,0,1986,0,1109,60,0,0,0,928,65626
250,2024,9,A3339,Gurutzeta/Cruces-BARAKALDO-La Arena,1289,14,4,521,2,0,0,0,0,1,0,0,24,0,0,10,1,0,5,0,0,44,0,0,0,0,0,0,0,0,56,0,45,1,0,0,0,42,2059
251,2024,9,A3340,BILBAO - ABANTO Y CIERVANA ABANTO ZIERBENA - MUSKIZ (Autopista),13725,473,21,3056,0,0,0,0,0,873,123,0,1053,146,0,383,6,0,80,20,4,382,37,0,4,0,0,0,0,0,547,1,205,20,0,0,0,858,22017
253,2024,9,A0651,BILBAO - BALMASEDA,46109,1658,331,11398,104,0,0,0,0,3027,318,12,6219,725,97,1303,21,25,567,1,0,2640,67,0,14,0,0,0,0,0,2136,22,827,30,0,0,0,861,78512
254,2024,9,A0652,LANESTOSA - BALMASEDA,2845,50,1,939,1,0,0,0,0,15,6,0,40,0,0,2,1,0,0,0,0,30,0,0,0,0,0,0,0,0,727,0,100,1,0,0,0,25,4783
255,2024,9,A0653,TRUCIOS TURTZIOZ - ARTZENTALES,296,0,0,292,0,0,0,0,0,0,0,0,0,0,0,0,0,0,0,0,0,0,0,0,0,0,0,0,0,0,500,0,0,2,0,0,0,0,1090
256,2024,9,A0654,BALMASEDA - Gurutzeta/Cruces - UPV/EHU,5183,169,32,2026,19,0,0,0,0,503,29,17,430,64,0,193,0,0,48,0,0,93,2,0,0,0,0,0,0,0,260,0,119,7,0,0,0,132,9326
257,2024,9,A3323,PORTUGALETE - GALDAMES,3081,104,3,1140,0,0,0,0,0,123,64,0,397,7,0,56,0,0,1,6,0,56,2,0,0,0,0,0,0,0,188,0,30,0,0,0,0,57,5315
258,2024,9,A3334,SANTURTZI - BALMASEDA,4733,127,20,1127,7,0,0,0,0,162,77,0,443,62,0,36,11,0,1,1,0,73,2,0,0,0,0,0,0,0,335,0,66,6,0,0,0,99,7388
259,2024,9,A3341,BILBAO - Sodupe - Arespalditza Respaldiza,3287,66,67,978,5,0,0,0,0,75,5,2,231,15,1,172,1,0,41,0,2,168,5,0,6,0,0,0,0,0,149,0,113,0,0,0,0,77,5466
260,2024,9,A3342,BILBAO - Sodupe - ARTZINIEGA,17301,638,83,4871,18,0,0,0,0,653,99,15,1451,55,71,537,2,0,201,0,3,1172,49,0,19,0,0,0,0,0,700,4,278,0,0,0,0,172,28392
261,2024,9,A3343,BILBAO - Sodupe - GORDEXOLA,3160,126,5,995,6,0,0,0,0,136,9,1,278,9,1,74,1,0,20,0,1,190,6,1,0,0,0,1,0,0,172,0,43,0,0,0,0,34,5269
262,2024,9,A2151,Areeta/Las Arenas-LARRABETZU,10669,351,39,2246,17,0,0,0,1,1219,71,1,991,94,2,548,25,0,270,3,1,1012,31,0,3,0,0,0,0,0,521,0,125,7,0,0,0,140,18387
263,2024,9,A2153,BILBAO-Corredor Txorierri-ko Korridorea-LARRABETZU,13317,483,21,1719,57,24,3,0,0,700,17,37,3755,51,60,454,2,0,421,2,3,1517,38,7,29,0,0,0,0,0,1588,1,150,8,0,0,0,140,24604
264,2024,9,A2161,Bizkaia Zubia/Puente Bizkaia-UPV/EHU,16924,1053,190,3772,13,0,0,0,0,3095,415,19,2020,260,16,600,221,21,313,20,49,1142,54,0,10,3,0,0,0,0,551,0,403,26,0,0,0,188,31378
265,2024,9,A2162,Andra Mari/Santa Maria Getxo-UPV/EHU (Algorta),5437,457,20,249,0,0,0,0,0,1573,283,0,636,103,4,156,12,0,93,61,1,182,5,0,4,5,0,0,0,0,120,0,20,3,0,0,0,43,9467
266,2024,9,A2163,ERANDIO-UPV/EHU,558,27,1,13,0,0,0,0,0,204,14,3,113,32,0,45,8,1,5,3,7,7,0,0,0,0,0,0,0,0,7,0,4,0,0,0,0,17,1069
267,2024,9,A2164,Andra Mari/Santa Maria Getxo-UPV/EHU (Fadura),991,135,1,33,0,0,0,0,0,318,67,3,163,38,1,42,4,0,40,10,0,37,3,0,0,2,0,0,0,0,12,0,5,0,0,0,0,7,1912
268,2024,9,A2166,URIBE KOSTA - UPV/EHU,2421,224,72,130,1,0,0,0,0,1039,121,10,675,66,5,9,29,19,17,30,0,66,0,0,0,1,0,0,0,0,43,0,2,0,0,0,0,18,4998
269,2024,9,A2322,BILBAO-ERANDIO-Astrabudua-UPV/EHU,9485,313,13,2024,5,0,0,0,0,1555,151,12,1194,108,13,418,130,2,224,25,0,1308,5,11,0,2,0,1,0,0,334,0,142,7,0,0,0,370,17852
270,2024,9,A3223,BILBAO-LARRABETZU(Artxandako tunelak/Tuneles Artxanda),12613,550,28,1896,1,15,0,0,0,990,49,1,884,165,2,562,31,0,176,3,0,707,15,2,1,0,0,0,0,0,702,0,235,2,0,0,0,173,19803
271,2024,9,A3224,BILBAO-DERIO-Teknologia parkea/Parque Tecnologico,7711,223,2,1333,17,0,0,0,0,247,22,2,421,42,2,511,20,0,147,1,0,751,2,0,10,0,0,0,0,0,265,0,83,5,0,0,0,176,11993
272,2024,9,A3225,BILBAO - LAUKIZ - MUNGIA,3710,201,19,507,3,0,0,0,0,64,19,0,687,4,0,68,7,0,67,0,0,475,0,6,1,0,0,0,0,0,113,0,36,0,0,0,0,69,6056
273,2024,9,A3247,BILBAO-Aireportua/Aeropuerto,58316,946,97,5068,38,1,16,27,26,562,23,16,730,28,30,1308,47,4,452,27,24,1454,18,7,1291,26,12,41,0,0,64015,19,1281,47,0,0,0,343,136340
274,2024,9,A3250,BILBAO-Teknologia Parkea/Parque Tecnologico (Artxandako tunelak/Tuneles Artxanda),14465,298,0,705,0,0,0,0,0,737,79,9,1251,103,38,1174,3,0,461,10,0,1135,27,38,3,0,0,0,0,0,295,0,3,5,0,0,0,108,20947
275,2024,9,A3516,BILBAO - MUNGIA (Por autopista/tik),17060,644,103,2425,22,4,0,0,0,768,72,38,1679,175,68,806,33,0,146,4,9,898,27,15,7,0,0,1,0,0,588,0,183,10,0,0,0,260,26045
276,2024,9,A3517,BILBAO - DERIO - MUNGIA,36837,1324,139,5656,61,1,0,0,4,2100,167,6,3277,369,27,1195,76,0,477,3,0,3710,63,18,13,0,0,0,0,0,2544,0,545,32,0,0,0,634,59278
277,2024,9,A3518,BILBAO - MUNGIA - BAKIO (Por la autopista/tik),38508,1581,162,6871,34,1,6,4,10,1307,250,38,3044,394,131,1238,109,0,390,6,9,2118,15,21,32,0,0,1,0,0,2649,4,433,19,0,0,0,409,59794
278,2024,9,A3522,MUNGIA-DERIO-Gurutzeta/Cruces,8927,183,31,1856,12,0,0,0,0,352,13,20,818,59,4,378,2,0,107,5,0,933,1,5,0,0,0,0,0,0,343,0,153,15,0,0,0,133,14350
279,2024,9,A3524,BERMEO - BAKIO,0,0,0,0,0,0,0,0,0,0,0,0,0,0,0,0,0,0,0,0,0,0,0,0,0,0,0,0,0,0,1334,0,0,0,0,0,0,0,1334
280,2024,9,A3527,BILBAO - MUNGIA - BERMEO (Por la autopista/tik),58826,2464,346,8855,46,5,0,0,0,4382,328,137,5514,565,107,2775,121,0,668,20,43,2555,143,37,29,3,0,0,0,0,2405,1,641,24,0,0,0,844,91884
281,2024,9,A3528,BERMEO - MUNGIA - DERIO - UPV/EHU,4235,336,59,277,30,0,0,0,0,1193,199,24,621,106,10,44,0,0,29,23,20,99,3,1,0,0,0,0,0,0,106,0,3,0,0,0,0,35,7453
282,2024,9,A3529,MUNGIA - GAMIZ - FIKA,467,20,0,140,0,0,0,0,0,0,0,0,20,0,0,5,0,0,0,0,0,56,0,0,0,0,0,0,0,0,20,0,5,0,0,0,0,4,737
283,2024,9,A3530,MUNGIA - MEÃAKA - ARRIETA,394,21,0,109,0,0,0,0,0,0,0,0,7,0,0,0,0,0,0,0,0,9,0,0,0,0,0,0,0,0,54,0,0,0,0,0,0,1,595
284,2024,9,A3531,LEIOA-Hospital Urduliz Ospitalea - GATIKA -MUNGIA,10792,509,32,3302,34,0,0,0,0,439,155,4,1181,112,4,269,32,0,215,3,0,700,104,2,3,0,0,0,0,0,608,0,350,26,0,0,0,169,19045
285,2024,9,A3537,PLENTZIA-GORLIZ-MUNGIA,5244,194,2,1540,0,8,0,0,0,199,8,0,547,14,5,15,2,0,88,9,0,374,22,1,0,6,0,0,0,0,222,0,67,32,0,0,0,54,8653
